Arial
Arial Black
Arial Bold
Arial Bold Italic
Arial Italic
Bahnschrift
Calibri
Calibri Bold
Calibri Bold Italic
Calibri Italic
Calibri Light
Calibri Light Italic
Cambria & Cambria Math
Cambria Bold
Cambria Bold Italic
Cambria Italic
Candara
Candara Bold
Candara Bold Italic
Candara Italic
Candara Light
Candara Light Italic
Comic Sans MS
Comic Sans MS Bold
Comic Sans MS Bold Italic
Comic Sans MS Italic
Consolas
Consolas Bold
Consolas Bold Italic
Consolas Italic
Constantia
Constantia Bold
Constantia Bold Italic
Constantia Italic
Corbel
Corbel Bold
Corbel Bold Italic
Corbel Italic
Corbel Light
Corbel Light Italic
Courier New
Courier New Bold
Courier New Bold Italic
Courier New Italic
Ebrima
Ebrima Bold
Franklin Gothic Medium
Franklin Gothic Medium Italic
Gabriola
Gadugi
Gadugi Bold
Georgia
Georgia Bold
Georgia Bold Italic
Georgia Italic
Impact
Ink Free
Javanese Text
Leelawadee UI
Leelawadee UI Bold
Leelawadee UI Semilight
Lucida Console
Lucida Sans Unicode
Malgun Gothic
Malgun Gothic Bold
Malgun Gothic SemiLight
Microsoft Himalaya
Microsoft JhengHei & Microsoft JhengHei UI
Microsoft JhengHei Bold & Microsoft JhengHei UI Bold
Microsoft JhengHei Light & Microsoft JhengHei UI Light
Microsoft New Tai Lue
Microsoft New Tai Lue Bold
Microsoft PhagsPa
Microsoft PhagsPa Bold
Microsoft Sans Serif
Microsoft Tai Le
Microsoft Tai Le Bold
Microsoft YaHei & Microsoft YaHei UI
Microsoft YaHei Bold & Microsoft YaHei UI Bold
Microsoft YaHei Light & Microsoft YaHei UI Light
Microsoft Yi Baiti
MingLiU-ExtB & PMingLiU-ExtB & MingLiU_HKSCS-ExtB
Modern
Mongolian Baiti
MS Gothic & MS UI Gothic & MS PGothic
MV Boli
Myanmar Text
Myanmar Text Bold
Nirmala UI
Nirmala UI Bold
Nirmala UI Semilight
Palatino Linotype
Palatino Linotype Bold
Palatino Linotype Bold Italic
Palatino Linotype Italic
Roman
Script
Segoe MDL2 Assets
Segoe Print
Segoe Print Bold
Segoe Script
Segoe Script Bold
Segoe UI
Segoe UI Black
Segoe UI Black Italic
Segoe UI Bold
Segoe UI Bold Italic
Segoe UI Emoji
Segoe UI Historic
Segoe UI Italic
Segoe UI Light
Segoe UI Light Italic
Segoe UI Semibold
Segoe UI Semibold Italic
Segoe UI Semilight
Segoe UI Semilight Italic
Segoe UI Symbol
SimSun & NSimSun
SimSun-ExtB
Sitka Small & Sitka Text & Sitka Subheading & Sitka Heading & Sitka Display & Sitka Banner
Sitka Small Bold & Sitka Text Bold & Sitka Subheading Bold & Sitka Heading Bold & Sitka Display Bold & Sitka Banner Bold
Sitka Small Bold Italic & Sitka Text Bold Italic & Sitka Subheading Bold Italic & Sitka Heading Bold Italic & Sitka Display Bold Italic & Sitka Banner Bold Italic
Sitka Small Italic & Sitka Text Italic & Sitka Subheading Italic & Sitka Heading Italic & Sitka Display Italic & Sitka Banner Italic
Sylfaen
Symbol
Tahoma
Tahoma Bold
Times New Roman
Times New Roman Bold
Times New Roman Bold Italic
Times New Roman Italic
Trebuchet MS
Trebuchet MS Bold
Trebuchet MS Bold Italic
Trebuchet MS Italic
Verdana
Verdana Bold
Verdana Bold Italic
Verdana Italic
Webdings
Wingdings
Yu Gothic Bold & Yu Gothic UI Semibold & Yu Gothic UI Bold
Yu Gothic Light & Yu Gothic UI Light
Yu Gothic Medium & Yu Gothic UI Regular
Yu Gothic Regular & Yu Gothic UI Semilight
Courier 10,12,15
Courier 10,12,15
MS Serif 8,10,12,14,18,24
MS Serif 8,10,12,14,18,24
MS Sans Serif 8,10,12,14,18,24
MS Sans Serif 8,10,12,14,18,24
Small Fonts
Small Fonts
DengXian
DengXian Bold
DengXian Light
FangSong
KaiTi
SimHei
Holo MDL2 Assets
阿里巴巴普惠体-R
Book Antiqua Bold
Book Antiqua Bold Italic
Book Antiqua Italic
Book Antiqua
Bradley Hand ITC
Bookshelf Symbol 7
Century
Dubai Bold
Dubai Light
Dubai Medium
Dubai Regular
Freestyle Script
French Script MT
方正舒体
方正姚体
Century Gothic
Century Gothic Bold
Century Gothic Bold Italic
Century Gothic Italic
Kristen ITC
Juice ITC
Leelawadee
Leelawadee Bold
Lucida Handwriting Italic
Mistral
Microsoft Uighur Bold
Microsoft Uighur
Papyrus
Pristina
MS Reference Sans Serif
MS Reference Specialty
隶书
幼圆
华文彩云
华文仿宋
华文琥珀
华文楷体
华文隶书
华文宋体
华文细黑
华文行楷
华文新魏
华文中宋
Tempus Sans ITC
Wingdings 2
Wingdings 3
DejaVu Sans Mono
FZShuTi
FZYaoTi
LiSu
STCaiyun
STFangsong
STHupo
STKaiti
STLiti
STSong
STXihei
STXingkai
STXinwei
STZhongsong
YouYuan
MT Extra
Algerian
Baskerville Old Face
Bauhaus 93
Bell MT
Berlin Sans FB Bold
Bernard MT Condensed
Bodoni MT Poster Compressed
Britannic Bold
Broadway
Brush Script MT Italic
Californian FB
Centaur
Chiller
Colonna MT
Cooper Black
Footlight MT Light
Harlow Solid Italic
Harrington
High Tower Text
Jokerman
Kunstler Script
Lucida Bright
Lucida Calligraphy Italic
Lucida Fax Regular
Magneto Bold
Matura MT Script Capitals
Modern No. 20
Monotype Corsiva
Niagara Engraved
Niagara Solid
Old English Text MT
Onyx
Parchment
Playbill
Poor Richard
Ravie
Informal Roman
Showcard Gothic
Snap ITC
Stencil
Viner Hand ITC
Vivaldi Italic
Vladimir Script
Wide Latin
Tw Cen MT
Tw Cen MT Condensed Bold
Tw Cen MT Condensed
Tw Cen MT Bold
Script MT Bold
Rockwell Extra Bold
Rockwell Condensed
Rockwell
Rage Italic
Perpetua Titling MT Bold
Perpetua
Palace Script MT
OCR A Extended
Maiandra GD
Lucida Sans Typewriter Regular
Lucida Sans Regular
Imprint MT Shadow
Haettenschweiler
Goudy Stout
Goudy Old Style
Gloucester MT Extra Condensed
Gill Sans Ultra Bold Condensed
Gill Sans Ultra Bold
Gill Sans MT Condensed
Gill Sans MT
Gill Sans MT Ext Condensed Bold
Gigi
Garamond
Franklin Gothic Medium Cond
Franklin Gothic Heavy
Franklin Gothic Demi Cond
Franklin Gothic Demi
Franklin Gothic Book
Forte
Felix Titling
Eras Medium ITC
Eras Light ITC
Eras Demi ITC
Eras Bold ITC
Engravers MT
Elephant
Edwardian Script ITC
Curlz MT
Copperplate Gothic Light
Copperplate Gothic Bold
Century Schoolbook
Castellar
Calisto MT
Bookman Old Style
Bodoni MT Condensed
Bodoni MT Black
Bodoni MT
Blackadder ITC
Arial Rounded MT Bold
Arial Narrow
Agency FB Bold
MS Outlook
Bell MT Bold
Bell MT Italic
Berlin Sans FB Demi Bold
Berlin Sans FB
Californian FB Bold
Californian FB Italic
High Tower Text Italic
Lucida Bright Demibold
Lucida Bright Demibold Italic
Lucida Bright Italic
Lucida Fax Demibold
Lucida Fax Demibold Italic
Lucida Fax Italic
Tw Cen MT Italic
Tw Cen MT Condensed Extra Bold
Tw Cen MT Bold Italic
Rockwell Condensed Bold
Rockwell Bold
Rockwell Bold Italic
Rockwell Italic
Perpetua Titling MT Light
Perpetua Bold Italic
Perpetua Bold
Perpetua Italic
Lucida Sans Typewriter Bold
Lucida Sans Typewriter Bold Oblique
Lucida Sans Typewriter Oblique
Lucida Sans Demibold Roman
Lucida Sans Demibold Italic
Lucida Sans Italic
Goudy Old Style Bold
Goudy Old Style Italic
Gill Sans MT Bold Italic
Gill Sans MT Bold
Gill Sans MT Italic
Garamond Bold
Garamond Italic
Franklin Gothic Heavy Italic
Franklin Gothic Demi Italic
Franklin Gothic Book Italic
Elephant Italic
Century Schoolbook Bold
Century Schoolbook Bold Italic
Century Schoolbook Italic
Calisto MT Bold
Calisto MT Bold Italic
Calisto MT Italic
Bookman Old Style Bold
Bookman Old Style Bold Italic
Bookman Old Style Italic
Bodoni MT Condensed Bold
Bodoni MT Condensed Bold Italic
Bodoni MT Condensed Italic
Bodoni MT Black Italic
Bodoni MT Bold
Bodoni MT Bold Italic
Bodoni MT Italic
Arial Narrow Bold
Arial Narrow Bold Italic
Arial Narrow Italic
Agency FB
CodeNewRoman Nerd Font Mono Bold
CodeNewRoman Nerd Font Mono Italic
CodeNewRoman Nerd Font Mono
CodeNewRoman Nerd Font Propo Bold
CodeNewRoman Nerd Font Propo Italic
CodeNewRoman Nerd Font Propo
CodeNewRoman Nerd Font
CodeNewRoman Nerd Font Bold
CodeNewRoman Nerd Font Italic
Unispace-Bold
汉仪中黑 197
Cascadia Code Regular
Cascadia Mono Regular
